cluster,ad,reuse_creative,direction,ratio,path,utm_content
validation,creditor-harassment,Creditor_Harassment,illustration,1x1,https://2-human.github.io/credo-public-meta-ads-preview/assets/harassment/v3-pilot/Creditor_Harassment_D1_Illustration_1x1.png,creditor-harassment-illustration
validation,creditor-harassment,Creditor_Harassment,illustration,1.91x1,https://2-human.github.io/credo-public-meta-ads-preview/assets/harassment/v3-pilot/Creditor_Harassment_D1_Illustration_1_91x1.png,creditor-harassment-illustration
validation,creditor-harassment,Creditor_Harassment,photo,1x1,https://2-human.github.io/credo-public-meta-ads-preview/assets/harassment/v3-pilot/Creditor_Harassment_D2_Photo_1x1.png,creditor-harassment-photo
validation,creditor-harassment,Creditor_Harassment,photo,1.91x1,https://2-human.github.io/credo-public-meta-ads-preview/assets/harassment/v3-pilot/Creditor_Harassment_D2_Photo_1_91x1.png,creditor-harassment-photo
validation,creditor-harassment,Creditor_Harassment,stilllife,1x1,https://2-human.github.io/credo-public-meta-ads-preview/assets/harassment/v3-pilot/Creditor_Harassment_D3_StillLife_1x1.png,creditor-harassment-stilllife
validation,creditor-harassment,Creditor_Harassment,stilllife,1.91x1,https://2-human.github.io/credo-public-meta-ads-preview/assets/harassment/v3-pilot/Creditor_Harassment_D3_StillLife_1_91x1.png,creditor-harassment-stilllife
validation,fdcpa-rights,FDCPA_Harassment,illustration,1x1,https://2-human.github.io/credo-public-meta-ads-preview/assets/harassment/v3-pilot/FDCPA_Harassment_D1_Illustration_1x1.png,fdcpa-rights-illustration
validation,fdcpa-rights,FDCPA_Harassment,illustration,1.91x1,https://2-human.github.io/credo-public-meta-ads-preview/assets/harassment/v3-pilot/FDCPA_Harassment_D1_Illustration_1_91x1.png,fdcpa-rights-illustration
validation,fdcpa-rights,FDCPA_Harassment,photo,1x1,https://2-human.github.io/credo-public-meta-ads-preview/assets/harassment/v3-pilot/FDCPA_Harassment_D2_Photo_1x1.png,fdcpa-rights-photo
validation,fdcpa-rights,FDCPA_Harassment,photo,1.91x1,https://2-human.github.io/credo-public-meta-ads-preview/assets/harassment/v3-pilot/FDCPA_Harassment_D2_Photo_1_91x1.png,fdcpa-rights-photo
validation,fdcpa-rights,FDCPA_Harassment,stilllife,1x1,https://2-human.github.io/credo-public-meta-ads-preview/assets/harassment/v3-pilot/FDCPA_Harassment_D3_StillLife_1x1.png,fdcpa-rights-stilllife
validation,fdcpa-rights,FDCPA_Harassment,stilllife,1.91x1,https://2-human.github.io/credo-public-meta-ads-preview/assets/harassment/v3-pilot/FDCPA_Harassment_D3_StillLife_1_91x1.png,fdcpa-rights-stilllife
validation,multiple-collectors,Multiple_Collectors,illustration,1x1,https://2-human.github.io/credo-public-meta-ads-preview/assets/harassment/v3-pilot/Multiple_Collectors_D1_Illustration_1x1.png,multiple-collectors-illustration
validation,multiple-collectors,Multiple_Collectors,illustration,1.91x1,https://2-human.github.io/credo-public-meta-ads-preview/assets/harassment/v3-pilot/Multiple_Collectors_D1_Illustration_1_91x1.png,multiple-collectors-illustration
validation,multiple-collectors,Multiple_Collectors,photo,1x1,https://2-human.github.io/credo-public-meta-ads-preview/assets/harassment/v3-pilot/Multiple_Collectors_D2_Photo_1x1.png,multiple-collectors-photo
validation,multiple-collectors,Multiple_Collectors,photo,1.91x1,https://2-human.github.io/credo-public-meta-ads-preview/assets/harassment/v3-pilot/Multiple_Collectors_D2_Photo_1_91x1.png,multiple-collectors-photo
validation,multiple-collectors,Multiple_Collectors,stilllife,1x1,https://2-human.github.io/credo-public-meta-ads-preview/assets/harassment/v3-pilot/Multiple_Collectors_D3_StillLife_1x1.png,multiple-collectors-stilllife
validation,multiple-collectors,Multiple_Collectors,stilllife,1.91x1,https://2-human.github.io/credo-public-meta-ads-preview/assets/harassment/v3-pilot/Multiple_Collectors_D3_StillLife_1_91x1.png,multiple-collectors-stilllife
medical,medical-validation,Medical_Rights,illustration,1x1,https://2-human.github.io/credo-public-meta-ads-preview/assets/medical-debt/v3-pilot/Medical_Rights_D1_Illustration_1x1.png,medical-validation-illustration
medical,medical-validation,Medical_Rights,illustration,1.91x1,https://2-human.github.io/credo-public-meta-ads-preview/assets/medical-debt/v3-pilot/Medical_Rights_D1_Illustration_1_91x1.png,medical-validation-illustration
medical,medical-validation,Medical_Rights,photo,1x1,https://2-human.github.io/credo-public-meta-ads-preview/assets/medical-debt/v3-pilot/Medical_Rights_D2_Photo_1x1.png,medical-validation-photo
medical,medical-validation,Medical_Rights,photo,1.91x1,https://2-human.github.io/credo-public-meta-ads-preview/assets/medical-debt/v3-pilot/Medical_Rights_D2_Photo_1_91x1.png,medical-validation-photo
medical,medical-validation,Medical_Rights,stilllife,1x1,https://2-human.github.io/credo-public-meta-ads-preview/assets/medical-debt/v3-pilot/Medical_Rights_D3_StillLife_1x1.png,medical-validation-stilllife
medical,medical-validation,Medical_Rights,stilllife,1.91x1,https://2-human.github.io/credo-public-meta-ads-preview/assets/medical-debt/v3-pilot/Medical_Rights_D3_StillLife_1_91x1.png,medical-validation-stilllife
medical,medical-billing,Medical_Harassment,illustration,1x1,https://2-human.github.io/credo-public-meta-ads-preview/assets/medical-debt/v3-pilot/Medical_Harassment_D1_Illustration_1x1.png,medical-billing-illustration
medical,medical-billing,Medical_Harassment,illustration,1.91x1,https://2-human.github.io/credo-public-meta-ads-preview/assets/medical-debt/v3-pilot/Medical_Harassment_D1_Illustration_1_91x1.png,medical-billing-illustration
medical,medical-billing,Medical_Harassment,photo,1x1,https://2-human.github.io/credo-public-meta-ads-preview/assets/medical-debt/v3-pilot/Medical_Harassment_D2_Photo_1x1.png,medical-billing-photo
medical,medical-billing,Medical_Harassment,photo,1.91x1,https://2-human.github.io/credo-public-meta-ads-preview/assets/medical-debt/v3-pilot/Medical_Harassment_D2_Photo_1_91x1.png,medical-billing-photo
medical,medical-billing,Medical_Harassment,stilllife,1x1,https://2-human.github.io/credo-public-meta-ads-preview/assets/medical-debt/v3-pilot/Medical_Harassment_D3_StillLife_1x1.png,medical-billing-stilllife
medical,medical-billing,Medical_Harassment,stilllife,1.91x1,https://2-human.github.io/credo-public-meta-ads-preview/assets/medical-debt/v3-pilot/Medical_Harassment_D3_StillLife_1_91x1.png,medical-billing-stilllife
credit-card,creditcard-validation,CC_Negotiation,illustration,1x1,https://2-human.github.io/credo-public-meta-ads-preview/assets/credit-card/v3-pilot/CC_Negotiation_D1_Illustration_1x1.png,creditcard-validation-illustration
credit-card,creditcard-validation,CC_Negotiation,illustration,1.91x1,https://2-human.github.io/credo-public-meta-ads-preview/assets/credit-card/v3-pilot/CC_Negotiation_D1_Illustration_1_91x1.png,creditcard-validation-illustration
credit-card,creditcard-validation,CC_Negotiation,photo,1x1,https://2-human.github.io/credo-public-meta-ads-preview/assets/credit-card/v3-pilot/CC_Negotiation_D2_Photo_1x1.png,creditcard-validation-photo
credit-card,creditcard-validation,CC_Negotiation,photo,1.91x1,https://2-human.github.io/credo-public-meta-ads-preview/assets/credit-card/v3-pilot/CC_Negotiation_D2_Photo_1_91x1.png,creditcard-validation-photo
credit-card,creditcard-validation,CC_Negotiation,stilllife,1x1,https://2-human.github.io/credo-public-meta-ads-preview/assets/credit-card/v3-pilot/CC_Negotiation_D3_StillLife_1x1.png,creditcard-validation-stilllife
credit-card,creditcard-validation,CC_Negotiation,stilllife,1.91x1,https://2-human.github.io/credo-public-meta-ads-preview/assets/credit-card/v3-pilot/CC_Negotiation_D3_StillLife_1_91x1.png,creditcard-validation-stilllife
credit-card,creditcard-collections,CC_Harassment,illustration,1x1,https://2-human.github.io/credo-public-meta-ads-preview/assets/credit-card/v3-pilot/CC_Harassment_D1_Illustration_1x1.png,creditcard-collections-illustration
credit-card,creditcard-collections,CC_Harassment,illustration,1.91x1,https://2-human.github.io/credo-public-meta-ads-preview/assets/credit-card/v3-pilot/CC_Harassment_D1_Illustration_1_91x1.png,creditcard-collections-illustration
credit-card,creditcard-collections,CC_Harassment,photo,1x1,https://2-human.github.io/credo-public-meta-ads-preview/assets/credit-card/v3-pilot/CC_Harassment_D2_Photo_1x1.png,creditcard-collections-photo
credit-card,creditcard-collections,CC_Harassment,photo,1.91x1,https://2-human.github.io/credo-public-meta-ads-preview/assets/credit-card/v3-pilot/CC_Harassment_D2_Photo_1_91x1.png,creditcard-collections-photo
credit-card,creditcard-collections,CC_Harassment,stilllife,1x1,https://2-human.github.io/credo-public-meta-ads-preview/assets/credit-card/v3-pilot/CC_Harassment_D3_StillLife_1x1.png,creditcard-collections-stilllife
credit-card,creditcard-collections,CC_Harassment,stilllife,1.91x1,https://2-human.github.io/credo-public-meta-ads-preview/assets/credit-card/v3-pilot/CC_Harassment_D3_StillLife_1_91x1.png,creditcard-collections-stilllife
